{
  "benchmarks": [
    {
      "name": "localTest-create10k [create10k]",
      "bytesSent": 124156,
      "version": "local",
      "measurement": {
        "name": "create10k",
        "mode": "performance",
        "entryName": "create10k"
      },
      "browser": {
        "name": "chrome",
        "headless": true,
        "windowSize": {
          "width": 1024,
          "height": 768
        },
        "addArguments": [
          "--js-flags=--expose-gc",
          "--enable-precise-memory-info"
        ],
        "userAgent": "Mozilla/5.0 (Macintosh; Intel Mac OS X 10_15_7) AppleWebKit/537.36 (KHTML, like Gecko) HeadlessChrome/101.0.4951.64 Safari/537.36"
      },
      "mean": {
        "low": 656.2061180565081,
        "high": 665.9272152887461
      },
      "differences": [
        null,
        {
          "absolute": {
            "low": 642.1506750083594,
            "high": 651.8717786702281
          },
          "percentChange": {
            "low": 4568.648008087548,
            "high": 4637.911651537858
          }
        },
        {
          "absolute": {
            "low": -5.490759052563835,
            "high": 36.484092396228576
          },
          "percentChange": {
            "low": -0.9244285146995573,
            "high": 5.725353796795471
          }
        },
        {
          "absolute": {
            "low": 642.1655132091593,
            "high": 651.8866148694282
          },
          "percentChange": {
            "low": 4573.597207488145,
            "high": 4642.902695489103
          }
        }
      ],
      "samples": [
        681,
        649.8000000119209,
        679.1999999880791,
        665.5,
        654.6000000238419,
        660.8000000119209,
        678,
        668.0999999642372,
        655.1999999880791,
        683.1999999880791,
        688.1000000238419,
        656.3000000119209,
        654.1000000238419,
        675.6000000238419,
        663.1000000238419,
        647.8999999761581,
        654.8000000119209,
        661.8000000119209,
        642.8999999761581,
        656.0999999642372,
        654.5,
        643.7000000476837,
        651.1000000238419,
        673.9000000357628,
        665.6000000238419,
        646.6999999880791,
        675.1000000238419,
        647.5,
        653.4000000357628,
        644.3999999761581
      ]
    },
    {
      "name": "localTest-create10k [usedJSHeapSize]",
      "bytesSent": 124156,
      "version": "local",
      "measurement": {
        "name": "usedJSHeapSize",
        "mode": "expression",
        "expression": "window.usedJSHeapSize"
      },
      "browser": {
        "name": "chrome",
        "headless": true,
        "windowSize": {
          "width": 1024,
          "height": 768
        },
        "addArguments": [
          "--js-flags=--expose-gc",
          "--enable-precise-memory-info"
        ],
        "userAgent": "Mozilla/5.0 (Macintosh; Intel Mac OS X 10_15_7) AppleWebKit/537.36 (KHTML, like Gecko) HeadlessChrome/101.0.4951.64 Safari/537.36"
      },
      "mean": {
        "low": 14.049849525352856,
        "high": 14.061030141313816
      },
      "differences": [
        {
          "absolute": {
            "low": -651.8717786702281,
            "high": -642.1506750083594
          },
          "percentChange": {
            "low": -97.8894798914553,
            "high": -97.85816840426678
          }
        },
        null,
        {
          "absolute": {
            "low": -651.9313948128939,
            "high": -611.0977255220288
          },
          "percentChange": {
            "low": -97.89164822784461,
            "high": -97.75392395385029
          }
        },
        {
          "absolute": {
            "low": 0.007572614132296841,
            "high": 0.022101785867711363
          },
          "percentChange": {
            "low": 0.05391137816005071,
            "high": 0.1574356756306405
          }
        }
      ],
      "samples": [
        14.042323,
        14.066664,
        14.063874,
        14.035961,
        14.026999,
        14.046914,
        14.067111,
        14.074182,
        14.037626,
        14.039938,
        14.027129,
        14.063121,
        14.062894,
        14.027526,
        14.059491,
        14.050642,
        14.069321,
        14.066356,
        14.049903,
        14.07867,
        14.047201,
        14.068638,
        14.061324,
        14.059864,
        14.070647,
        14.064498,
        14.043131,
        14.05132,
        14.067982,
        14.071945
      ]
    },
    {
      "name": "localTest-create10k [create10k]",
      "bytesSent": 119298,
      "version": "1.8.0",
      "measurement": {
        "name": "create10k",
        "mode": "performance",
        "entryName": "create10k"
      },
      "browser": {
        "name": "chrome",
        "headless": true,
        "windowSize": {
          "width": 1024,
          "height": 768
        },
        "addArguments": [
          "--js-flags=--expose-gc",
          "--enable-precise-memory-info"
        ],
        "userAgent": "Mozilla/5.0 (Macintosh; Intel Mac OS X 10_15_7) AppleWebKit/537.36 (KHTML, like Gecko) HeadlessChrome/101.0.4951.64 Safari/537.36"
      },
      "mean": {
        "low": 625.1531661206998,
        "high": 665.9868338808897
      },
      "differences": [
        {
          "absolute": {
            "low": -36.484092396228576,
            "high": 5.490759052563835
          },
          "percentChange": {
            "low": -5.515025855381156,
            "high": 0.8266434415975789
          }
        },
        {
          "absolute": {
            "low": 611.0977255220288,
            "high": 651.9313948128939
          },
          "percentChange": {
            "low": 4347.755168459803,
            "high": 4638.296746753635
          }
        },
        null,
        {
          "absolute": {
            "low": 611.1125629602851,
            "high": 651.9462317746376
          },
          "percentChange": {
            "low": 4352.458831010695,
            "high": 4643.300309243986
          }
        }
      ],
      "samples": [
        663.6999999880791,
        634.5,
        636.0999999642372,
        635,
        631.8000000119209,
        628.1999999880791,
        641.5,
        636.8999999761581,
        633.5,
        629.0999999642372,
        650,
        634.5,
        631.5,
        634.1999999880791,
        636.8999999761581,
        618.1000000238419,
        626.7999999523163,
        628.1000000238419,
        647.3000000119209,
        628.2000000476837,
        842.9000000357628,
        611.3000000119209,
        630.1000000238419,
        623.3999999761581,
        619.5,
        629.6000000238419,
        650.5,
        840.3999999761581,
        608.8000000119209,
        604.7000000476837
      ]
    },
    {
      "name": "localTest-create10k [usedJSHeapSize]",
      "bytesSent": 119298,
      "version": "1.8.0",
      "measurement": {
        "name": "usedJSHeapSize",
        "mode": "expression",
        "expression": "window.usedJSHeapSize"
      },
      "browser": {
        "name": "chrome",
        "headless": true,
        "windowSize": {
          "width": 1024,
          "height": 768
        },
        "addArguments": [
          "--js-flags=--expose-gc",
          "--enable-precise-memory-info"
        ],
        "userAgent": "Mozilla/5.0 (Macintosh; Intel Mac OS X 10_15_7) AppleWebKit/537.36 (KHTML, like Gecko) HeadlessChrome/101.0.4951.64 Safari/537.36"
      },
      "mean": {
        "low": 14.035963380752078,
        "high": 14.045241885914587
      },
      "differences": [
        {
          "absolute": {
            "low": -651.8866148694282,
            "high": -642.1655132091593
          },
          "percentChange": {
            "low": -97.89170072733121,
            "high": -97.86043643486924
          }
        },
        {
          "absolute": {
            "low": -0.022101785867711363,