{
  "benchmarks": [
    {
      "name": "test-update10th [update10th]",
      "bytesSent": 117574,
      "version": "1.6.0",
      "measurement": {
        "name": "update10th",
        "mode": "performance",
        "entryName": "update10th"
      },
      "browser": {
        "name": "chrome",
        "headless": true,
        "windowSize": {
          "width": 1024,
          "height": 768
        },
        "addArguments": [
          "--js-flags=--expose-gc",
          "--enable-precise-memory-info"
        ],
        "userAgent": "Mozilla/5.0 (Macintosh; Intel Mac OS X 10_15_7) AppleWebKit/537.36 (KHTML, like Gecko) HeadlessChrome/101.0.4951.64 Safari/537.36"
      },
      "mean": {
        "low": 370.564803313502,
        "high": 416.9018633511778
      },
      "differences": [
        null,
        {
          "absolute": {
            "low": 356.50797515446993,
            "high": 402.84503551020987
          },
          "percentChange": {
            "low": 2536.189889658131,
            "high": 2865.8326054928357
          }
        },
        {
          "absolute": {
            "low": -16.89545195466125,
            "high": 30.602118616956812
          },
          "percentChange": {
            "low": -4.372397008863526,
            "high": 7.915269905434383
          }
        },
        {
          "absolute": {
            "low": 356.50587112765055,
            "high": 402.84293160369594
          },
          "percentChange": {
            "low": 2535.795039617326,
            "high": 2865.389093940907
          }
        }
      ],
      "samples": [
        405.40000000596046,
        390.80000001192093,
        383.80000001192093,
        380.80000001192093,
        385.89999997615814,
        385.90000000596046,
        379.40000000596046,
        371.5,
        372.69999998807907,
        362.09999999403954,
        372.19999998807907,
        360.59999999403954,
        385.40000000596046,
        392.80000001192093,
        384.60000002384186,
        387,
        382.80000001192093,
        385.80000001192093,
        386.09999999403954,
        384.7999999821186,
        385.19999998807907,
        377,
        390.90000000596046,
        380.59999999403954,
        383.59999999403954,
        381.2000000178814,
        378.39999997615814,
        382.59999999403954,
        393.19999998807907,
        718.8999999761581
      ]
    },
    {
      "name": "test-update10th [usedJSHeapSize]",
      "bytesSent": 117574,
      "version": "1.6.0",
      "measurement": {
        "name": "usedJSHeapSize",
        "mode": "expression",
        "expression": "window.usedJSHeapSize"
      },
      "browser": {
        "name": "chrome",
        "headless": true,
        "windowSize": {
          "width": 1024,
          "height": 768
        },
        "addArguments": [
          "--js-flags=--expose-gc",
          "--enable-precise-memory-info"
        ],
        "userAgent": "Mozilla/5.0 (Macintosh; Intel Mac OS X 10_15_7) AppleWebKit/537.36 (KHTML, like Gecko) HeadlessChrome/101.0.4951.64 Safari/537.36"
      },
      "mean": {
        "low": 14.054113395472584,
        "high": 14.059542604527419
      },
      "differences": [
        {
          "absolute": {
            "low": -402.84503551020987,
            "high": -356.50797515446993
          },
          "percentChange": {
            "low": -96.63994037137053,
            "high": -96.21978126762264
          }
        },
        null,
        {
          "absolute": {
            "low": -378.04083687034046,
            "high": -367.6055071320438
          },
          "percentChange": {
            "low": -96.41562476769997,
            "high": -96.31761137789728
          }
        },
        {
          "absolute": {
            "low": -0.006290308398531512,
            "high": 0.002082375065201707
          },
          "percentChange": {
            "low": -0.04473985189299422,
            "high": 0.014809176196528101
          }
        }
      ],
      "samples": [
        14.062232,
        14.064435,
        14.061183,
        14.039703,
        14.062387,
        14.048535,
        14.064443,
        14.035703,
        14.0557,
        14.055446,
        14.06066,
        14.046698,
        14.069236,
        14.064658,
        14.055977,
        14.061584,
        14.056867,
        14.055072,
        14.058109,
        14.054494,
        14.055243,
        14.063016,
        14.051489,
        14.049735,
        14.055955,
        14.057813,
        14.060544,
        14.060087,
        14.060599,
        14.057237
      ]
    },
    {
      "name": "test-update10th [update10th]",
      "bytesSent": 119552,
      "version": "latest",
      "measurement": {
        "name": "update10th",
        "mode": "performance",
        "entryName": "update10th"
      },
      "browser": {
        "name": "chrome",
        "headless": true,
        "windowSize": {
          "width": 1024,
          "height": 768
        },
        "addArguments": [
          "--js-flags=--expose-gc",
          "--enable-precise-memory-info"
        ],
        "userAgent": "Mozilla/5.0 (Macintosh; Intel Mac OS X 10_15_7) AppleWebKit/537.36 (KHTML, like Gecko) HeadlessChrome/101.0.4951.64 Safari/537.36"
      },
      "mean": {
        "low": 381.6623358382101,
        "high": 392.09766416417415
      },
      "differences": [
        {
          "absolute": {
            "low": -30.602118616956812,
            "high": 16.89545195466125
          },
          "percentChange": {
            "low": -7.672418157993271,
            "high": 4.191212605420427
          }
        },
        {
          "absolute": {
            "low": 367.6055071320438,
            "high": 378.04083687034046
          },
          "percentChange": {
            "low": 2615.1346018493923,
            "high": 2689.3789342227874
          }
        },
        null,
        {
          "absolute": {
            "low": 367.60340289827474,
            "high": 378.0387331707762
          },
          "percentChange": {
            "low": 2614.72683538658,
            "high": 2688.962931638024
          }
        }
      ],
      "samples": [
        396.90000000596046,
        389.30000001192093,
        383.90000000596046,
        392.5,
        386.09999999403954,
        399.90000000596046,
        369.2999999821186,
        374.69999998807907,
        368.40000000596046,
        371.7999999821186,
        372,
        376.60000002384186,
        382.5,
        383.30000001192093,
        384.40000000596046,
        389.5,
        382.7999999821186,
        386.60000002384186,
        396.59999999403954,
        391.40000000596046,
        383.80000001192093,
        382.40000000596046,
        385.7000000178814,
        384,
        386.39999997615814,
        381.09999999403954,
        380.59999999403954,
        391,
        409.80000001192093,
        443.09999999403954
      ]
    },
    {
      "name": "test-update10th [usedJSHeapSize]",
      "bytesSent": 119552,
      "version": "latest",
      "measurement": {
        "name": "usedJSHeapSize",
        "mode": "expression",
        "expression": "window.usedJSHeapSize"
      },
      "browser": {
        "name": "chrome",
        "headless": true,
        "windowSize": {
          "width": 1024,
          "height": 768
        },
        "addArguments": [
          "--js-flags=--expose-gc",
          "--enable-precise-memory-info"
        ],
        "userAgent": "Mozilla/5.0 (Macintosh; Intel Mac OS X 10_15_7) AppleWebKit/537.36 (KHTML, like Gecko) HeadlessChrome/101.0.4951.64 Safari/537.36"
      },
      "mean": {
        "low": 14.055745059175745,
        "high": 14.062118874157587
      },
      "differences": [
        {
          "absolute": {
            "low": -402.84293160369594,
            "high": -356.50587112765055
          },
          "percentChange": {
            "low": -96.63943787935165,