{
  "benchmarks": [
    {
      "name": "test-create10k [create10k]",
      "bytesSent": 124198,
      "version": "local",
      "measurement": {
        "name": "create10k",
        "mode": "performance",
        "entryName": "create10k"
      },
      "browser": {
        "name": "chrome",
        "headless": true,
        "windowSize": {
          "width": 1024,
          "height": 768
        },
        "addArguments": [
          "--js-flags=--expose-gc",
          "--enable-precise-memory-info"
        ],
        "userAgent": "Mozilla/5.0 (Macintosh; Intel Mac OS X 10_15_7) AppleWebKit/537.36 (KHTML, like Gecko) HeadlessChrome/101.0.4951.64 Safari/537.36"
      },
      "mean": {
        "low": 691.8333398520921,
        "high": 771.2333268205351
      },
      "differences": [
        null,
        {
          "absolute": {
            "low": 678.7146793783161,
            "high": 758.1146676276444
          },
          "percentChange": {
            "low": 5173.643476091094,
            "high": 5778.91848725143
          }
        },
        {
          "absolute": {
            "low": -18.61151618486457,
            "high": 75.6915161959908
          },
          "percentChange": {
            "low": -2.727858578302136,
            "high": 10.847423488069314
          }
        },
        {
          "absolute": {
            "low": 677.7947677250614,
            "high": 757.1947552808991
          },
          "percentChange": {
            "low": 4828.083501574366,
            "high": 5393.679367485478
          }
        }
      ],
      "samples": [
        685.2000000178814,
        818.7999999821186,
        671.9000000059605,
        655.3000000119209,
        692,
        691.9000000059605,
        724.4000000059605,
        734,
        660.3000000119209,
        670.6999999880791,
        658.1000000238419,
        674.0999999940395,
        687.4000000059605,
        1036.199999988079,
        786.4000000059605,
        664.1999999880791,
        671.5,
        828.5999999940395,
        1036.4000000059605,
        697.1000000238419,
        973.0999999940395,
        701.6999999880791,
        705.2000000178814,
        688.4000000059605,
        659.5,
        688.3000000119209,
        663.2000000178814,
        668.0999999940395,
        748.9000000059605,
        705.0999999940395
      ]
    },
    {
      "name": "test-create10k [usedJSHeapSize]",
      "bytesSent": 124198,
      "version": "local",
      "measurement": {
        "name": "usedJSHeapSize",
        "mode": "expression",
        "expression": "window.usedJSHeapSize"
      },
      "browser": {
        "name": "chrome",
        "headless": true,
        "windowSize": {
          "width": 1024,
          "height": 768
        },
        "addArguments": [
          "--js-flags=--expose-gc",
          "--enable-precise-memory-info"
        ],
        "userAgent": "Mozilla/5.0 (Macintosh; Intel Mac OS X 10_15_7) AppleWebKit/537.36 (KHTML, like Gecko) HeadlessChrome/101.0.4951.64 Safari/537.36"
      },
      "mean": {
        "low": 13.111528834508677,
        "high": 13.12579083215799
      },
      "differences": [
        {
          "absolute": {
            "low": -758.1146676276444,
            "high": -678.7146793783161
          },
          "percentChange": {
            "low": -98.3040171056254,
            "high": -98.10936305478289
          }
        },
        null,
        {
          "absolute": {
            "low": -715.314328511982,
            "high": -664.4350184828522
          },
          "percentChange": {
            "low": -98.20142345139806,
            "high": -98.0663477460391
          }
        },
        {
          "absolute": {
            "low": -0.9285242421084373,
            "high": -0.9112997578915628
          },
          "percentChange": {
            "low": -6.612858425326359,
            "high": -6.4926342262231564
          }
        }
      ],
      "samples": [
        13.148228,
        13.091369,
        13.097894,
        13.137766,
        13.125482,
        13.100921,
        13.112651,
        13.093336,
        13.095618,
        13.121165,
        13.130238,
        13.137988,
        13.140261,
        13.113644,
        13.1192,
        13.092297,
        13.116812,
        13.119206,
        13.127519,
        13.131751,
        13.093651,
        13.115322,
        13.145602,
        13.108529,
        13.116198,
        13.148076,
        13.150396,
        13.086266,
        13.110458,
        13.131951
      ]
    },
    {
      "name": "test-create10k [create10k]",
      "bytesSent": 119449,
      "version": "latest",
      "measurement": {
        "name": "create10k",
        "mode": "performance",
        "entryName": "create10k"
      },
      "browser": {
        "name": "chrome",
        "headless": true,
        "windowSize": {
          "width": 1024,
          "height": 768
        },
        "addArguments": [
          "--js-flags=--expose-gc",
          "--enable-precise-memory-info"
        ],
        "userAgent": "Mozilla/5.0 (Macintosh; Intel Mac OS X 10_15_7) AppleWebKit/537.36 (KHTML, like Gecko) HeadlessChrome/101.0.4951.64 Safari/537.36"
      },
      "mean": {
        "low": 677.5536793156319,
        "high": 728.432987345869
      },
      "differences": [
        {
          "absolute": {
            "low": -75.6915161959908,
            "high": 18.61151618486457
          },
          "percentChange": {
            "low": -10.169741465770347,
            "high": 2.3669528011990786
          }
        },
        {
          "absolute": {
            "low": 664.4350184828522,
            "high": 715.314328511982
          },
          "percentChange": {
            "low": 5064.786785221676,
            "high": 5452.66975777836
          }
        },
        null,
        {
          "absolute": {
            "low": 663.5151070239675,
            "high": 714.3944159708668
          },
          "percentChange": {
            "low": 4726.363664900851,
            "high": 5088.805138261244
          }
        }
      ],
      "samples": [
        727,
        741.1999999880791,
        630.7999999821186,
        623.8000000119209,
        627.3000000119209,
        673.7999999821186,
        702.3999999761581,
        828,
        673.6000000238419,
        640.4000000059605,
        633.4000000059605,
        758.5999999940395,
        725.8999999761581,
        685,
        647.1999999880791,
        679,
        709.5,
        890.5,
        699.8000000119209,
        738.5,
        863.5999999940395,
        678.3000000119209,
        645.5999999940395,
        643.5,
        687.4000000059605,
        673,
        638.2999999821186,
        736.5,
        776.3999999761581,
        711.5
      ]
    },
    {
      "name": "test-create10k [usedJSHeapSize]",
      "bytesSent": 119449,
      "version": "latest",
      "measurement": {
        "name": "usedJSHeapSize",
        "mode": "expression",
        "expression": "window.usedJSHeapSize"
      },
      "browser": {
        "name": "chrome",
        "headless": true,
        "windowSize": {
          "width": 1024,
          "height": 768
        },
        "addArguments": [
          "--js-flags=--expose-gc",
          "--enable-precise-memory-info"
        ],
        "userAgent": "Mozilla/5.0 (Macintosh; Intel Mac OS X 10_15_7) AppleWebKit/537.36 (KHTML, like Gecko) HeadlessChrome/101.0.4951.64 Safari/537.36"
      },
      "mean": {
        "low": 14.033742799279086,
        "high": 14.043400867387582
      },
      "differences": [
        {
          "absolute": {
            "low": -757.1947552808991,
            "high": -677.7947677250614
          },
          "percentChange": {
            "low": -98.18508757130529,
            "high": -97.97679017408537
          }
        },
        {
          "absolute": {
            "low": 0.9112997578915628,
            "high": 0.9285242421084373
          },